{
	"credit": "Made with Blockbench",
	"parent": "item/lantern_display",
	"textures": {
		"particle": "block/lantern",
		"lantern": "block/lantern"
	},
	"elements": [
		{
			"name": "Bottom base",
			"from": [5, 1.5, 5],
			"to": [11, 2, 11],
			"rotation": {"angle": 0, "axis": "y", "origin": [14, 9, 13]},
			"faces": {
				"north": {"uv": [0, 9, 6, 10], "texture": "#lantern"},
				"east": {"uv": [5, 9, 6, 15], "rotation": 90, "texture": "#lantern"},
				"south": {"uv": [0, 14, 6, 14.5], "texture": "#lantern"},
				"west": {"uv": [0, 9, 1, 15], "rotation": 90, "texture": "#lantern"},
				"up": {"uv": [0, 9, 6, 15], "texture": "#lantern"},
				"down": {"uv": [0, 9, 6, 15], "texture": "#lantern"}
			}
		},
		{
			"name": "Foot north-west",
			"from": [5, 1, 5],
			"to": [7, 2, 6],
			"rotation": {"angle": 0, "axis": "y", "origin": [13, 9, 13]},
			"faces": {
				"north": {"uv": [0, 9, 2, 10], "texture": "#lantern"},
				"east": {"uv": [0, 9, 1, 10], "texture": "#lantern"},
				"south": {"uv": [4, 9, 6, 10], "texture": "#lantern"},
				"west": {"uv": [0, 9, 1, 10], "texture": "#lantern"},
				"down": {"uv": [2, 2, 0, 3], "texture": "#lantern"}
			}
		},
		{
			"name": "Foot north-west",
			"from": [5, 1, 6],
			"to": [6, 2, 7],
			"rotation": {"angle": 0, "axis": "y", "origin": [13, 9, 14]},
			"faces": {
				"north": {"uv": [0, 0, 0, 0], "texture": "#lantern"},
				"east": {"uv": [0, 10, 1, 11], "texture": "#lantern"},
				"south": {"uv": [0, 10, 1, 11], "texture": "#lantern"},
				"west": {"uv": [0, 10, 1, 11], "texture": "#lantern"},
				"down": {"uv": [0, 10, 1, 11], "texture": "#lantern"}
			}
		},
		{
			"name": "Foot north-east",
			"from": [9, 1, 5],
			"to": [11, 2, 6],
			"rotation": {"angle": 0, "axis": "y", "origin": [17, 9, 13]},
			"faces": {
				"north": {"uv": [0, 9, 2, 10], "texture": "#lantern"},
				"east": {"uv": [0, 9, 1, 10], "texture": "#lantern"},
				"south": {"uv": [0, 9, 2, 10], "texture": "#lantern"},
				"west": {"uv": [0, 9, 1, 10], "texture": "#lantern"},
				"down": {"uv": [0, 9, 2, 10], "texture": "#lantern"}
			}
		},
		{
			"name": "Foot north-east",
			"from": [10, 1, 6],
			"to": [11, 2, 7],
			"rotation": {"angle": 0, "axis": "y", "origin": [18, 9, 14]},
			"faces": {
				"north": {"uv": [0, 0, 0, 0], "texture": "#lantern"},
				"east": {"uv": [0, 10, 1, 11], "texture": "#lantern"},
				"south": {"uv": [0, 10, 1, 11], "texture": "#lantern"},
				"west": {"uv": [0, 10, 1, 11], "texture": "#lantern"},
				"down": {"uv": [0, 10, 1, 11], "texture": "#lantern"}
			}
		},
		{
			"name": "Foot south-east",
			"from": [9, 1, 10],
			"to": [11, 2, 11],
			"rotation": {"angle": 0, "axis": "y", "origin": [17, 9, 18]},
			"faces": {
				"north": {"uv": [0, 9, 2, 10], "texture": "#lantern"},
				"east": {"uv": [0, 9, 1, 10], "texture": "#lantern"},
				"south": {"uv": [0, 9, 2, 10], "texture": "#lantern"},
				"west": {"uv": [0, 9, 1, 10], "texture": "#lantern"},
				"down": {"uv": [0, 9, 2, 10], "texture": "#lantern"}
			}
		},
		{
			"name": "Foot south-east",
			"from": [10, 1, 9],
			"to": [11, 2, 10],
			"rotation": {"angle": 0, "axis": "y", "origin": [18, 9, 17]},
			"faces": {
				"north": {"uv": [0, 9, 1, 10], "texture": "#lantern"},
				"east": {"uv": [0, 10, 1, 11], "texture": "#lantern"},
				"south": {"uv": [0, 10, 1, 11], "texture": "#lantern"},
				"west": {"uv": [0, 10, 1, 11], "texture": "#lantern"},
				"down": {"uv": [0, 10, 1, 11], "texture": "#lantern"}
			}
		},
		{
			"name": "Foot south-west",
			"from": [5, 1, 10],
			"to": [7, 2, 11],
			"rotation": {"angle": 0, "axis": "y", "origin": [13, 9, 18]},
			"faces": {
				"north": {"uv": [0, 9, 2, 10], "texture": "#lantern"},
				"east": {"uv": [0, 9, 1, 10], "texture": "#lantern"},
				"south": {"uv": [0, 9, 2, 10], "texture": "#lantern"},
				"west": {"uv": [0, 9, 1, 10], "texture": "#lantern"},
				"down": {"uv": [0, 9, 2, 10], "texture": "#lantern"}
			}
		},
		{
			"name": "Foot south-west",
			"from": [5, 1, 9],
			"to": [6, 2, 10],
			"rotation": {"angle": 0, "axis": "y", "origin": [13, 9, 17]},
			"faces": {
				"north": {"uv": [0, 9, 1, 10], "texture": "#lantern"},
				"east": {"uv": [0, 10, 1, 11], "texture": "#lantern"},
				"south": {"uv": [0, 10, 1, 11], "texture": "#lantern"},
				"west": {"uv": [0, 10, 1, 11], "texture": "#lantern"},
				"down": {"uv": [0, 10, 1, 11], "texture": "#lantern"}
			}
		},
		{
			"name": "Windows",
			"from": [6, 2, 6],
			"to": [10, 7, 10],
			"rotation": {"angle": 0, "axis": "y", "origin": [14, 10, 14]},
			"faces": {
				"north": {"uv": [1, 3, 5, 8], "texture": "#lantern"},
				"east": {"uv": [1, 3, 5, 8], "texture": "#lantern"},
				"south": {"uv": [1, 3, 5, 8], "texture": "#lantern"},
				"west": {"uv": [1, 3, 5, 8], "texture": "#lantern"}
			}
		},
		{
			"name": "Windows",
			"from": [6.5, 8, 6.5],
			"to": [9.5, 9, 9.5],
			"rotation": {"angle": 0, "axis": "y", "origin": [14, 10, 14]},
			"faces": {
				"north": {"uv": [7, 7, 10, 8], "texture": "#lantern"},
				"east": {"uv": [7, 7, 10, 8], "texture": "#lantern"},
				"south": {"uv": [7, 7, 10, 8], "texture": "#lantern"},
				"west": {"uv": [7, 7, 10, 8], "texture": "#lantern"},
				"up": {"uv": [7, 7, 10, 8], "texture": "#lantern"},
				"down": {"uv": [7, 7, 10, 8], "texture": "#lantern"}
			}
		},
		{
			"name": "Frame north-east",
			"from": [9.8, 2, 5.2],
			"to": [10.8, 7, 6.2],
			"rotation": {"angle": 0, "axis": "y", "origin": [18, 10, 13]},
			"faces": {
				"north": {"uv": [0, 10, 1, 15], "texture": "#lantern"},
				"east": {"uv": [0, 10, 1, 15], "texture": "#lantern"},
				"south": {"uv": [0, 10, 1, 15], "texture": "#lantern"},
				"west": {"uv": [0, 10, 1, 15], "texture": "#lantern"},
				"up": {"uv": [0, 0, 0, 0], "texture": "#lantern"},
				"down": {"uv": [0, 0, 0, 0], "texture": "#lantern"}
			}
		},
		{
			"name": "Frame south-est",
			"from": [9.8, 2, 9.8],
			"to": [10.8, 7, 10.8],
			"rotation": {"angle": 0, "axis": "y", "origin": [18, 10, 18]},
			"faces": {
				"north": {"uv": [0, 10, 1, 15], "texture": "#lantern"},
				"east": {"uv": [0, 10, 1, 15], "texture": "#lantern"},
				"south": {"uv": [0, 10, 1, 15], "texture": "#lantern"},
				"west": {"uv": [0, 10, 1, 15], "texture": "#lantern"},
				"up": {"uv": [0, 0, 0, 0], "texture": "#lantern"},
				"down": {"uv": [0, 0, 0, 0], "texture": "#lantern"}
			}
		},
		{
			"name": "Frame north-west",
			"from": [5.2, 2, 5.2],
			"to": [6.2, 7, 6.2],
			"rotation": {"angle": 0, "axis": "y", "origin": [13, 10, 13]},
			"faces": {
				"north": {"uv": [0, 10, 1, 15], "texture": "#lantern"},
				"east": {"uv": [0, 10, 1, 15], "texture": "#lantern"},
				"south": {"uv": [0, 10, 1, 15], "texture": "#lantern"},
				"west": {"uv": [0, 10, 1, 15], "texture": "#lantern"}
			}
		},
		{
			"name": "Frame south-west",
			"from": [5.2, 2, 9.8],
			"to": [6.2, 7, 10.8],
			"rotation": {"angle": 0, "axis": "y", "origin": [13, 10, 18]},
			"faces": {
				"north": {"uv": [0, 10, 1, 15], "texture": "#lantern"},
				"east": {"uv": [0, 10, 1, 15], "texture": "#lantern"},
				"south": {"uv": [0, 10, 1, 15], "texture": "#lantern"},
				"west": {"uv": [0, 10, 1, 15], "texture": "#lantern"}
			}
		},
		{
			"name": "Top",
			"from": [5, 7, 5],
			"to": [11, 8, 11],
			"rotation": {"angle": 0, "axis": "y", "origin": [18, 15, 13]},
			"faces": {
				"north": {"uv": [6, 9, 12, 10], "texture": "#lantern"},
				"east": {"uv": [11, 9, 12, 15], "rotation": 90, "texture": "#lantern"},
				"south": {"uv": [6, 14, 12, 15], "texture": "#lantern"},
				"west": {"uv": [6, 9, 7, 15], "rotation": 90, "texture": "#lantern"},
				"up": {"uv": [6, 9, 12, 15], "texture": "#lantern"},
				"down": {"uv": [6, 9, 12, 15], "texture": "#lantern"}
			}
		},
		{
			"name": "Top",
			"from": [7, 9, 6],
			"to": [9, 10, 10],
			"rotation": {"angle": 0, "axis": "y", "origin": [15, 17, 17]},
			"faces": {
				"north": {"uv": [7, 6, 9, 7], "texture": "#lantern"},
				"east": {"uv": [3, 10, 4, 14], "rotation": 90, "texture": "#lantern"},
				"south": {"uv": [7, 6, 9, 7], "texture": "#lantern"},
				"west": {"uv": [3, 10, 4, 14], "rotation": 90, "texture": "#lantern"},
				"up": {"uv": [7, 3, 9, 7], "texture": "#lantern"}
			}
		},
		{
			"name": "Top",
			"from": [6, 9, 7],
			"to": [10, 10, 9],
			"rotation": {"angle": 0, "axis": "y", "origin": [-1, 17, 15]},
			"faces": {
				"north": {"uv": [1, 12, 5, 13], "texture": "#lantern"},
				"east": {"uv": [7, 1, 8, 3], "texture": "#lantern"},
				"south": {"uv": [1, 12, 5, 13], "texture": "#lantern"},
				"west": {"uv": [7, 6, 9, 7], "texture": "#lantern"},
				"up": {"uv": [7, 1, 11, 3], "texture": "#lantern"}
			}
		},
		{
			"name": "Top",
			"from": [6, 8, 9],
			"to": [7, 10, 10],
			"rotation": {"angle": 0, "axis": "y", "origin": [14, 16, 14]},
			"faces": {
				"north": {"uv": [9, 7, 10, 5], "texture": "#lantern"},
				"east": {"uv": [9, 6, 11, 7], "rotation": 90, "texture": "#lantern"},
				"south": {"uv": [9, 7, 10, 5], "texture": "#lantern"},
				"west": {"uv": [9, 6, 11, 7], "rotation": 90, "texture": "#lantern"},
				"up": {"uv": [9, 5, 10, 6], "texture": "#lantern"}
			}
		},
		{
			"name": "Top",
			"from": [9, 8, 9],
			"to": [10, 10, 10],
			"rotation": {"angle": 0, "axis": "y", "origin": [14, 16, 14]},
			"faces": {
				"north": {"uv": [9, 7, 10, 5], "texture": "#lantern"},
				"east": {"uv": [9, 6, 11, 7], "rotation": 90, "texture": "#lantern"},
				"south": {"uv": [9, 7, 10, 5], "texture": "#lantern"},
				"west": {"uv": [9, 6, 11, 7], "rotation": 90, "texture": "#lantern"},
				"up": {"uv": [9, 5, 10, 6], "texture": "#lantern"}
			}
		},
		{
			"name": "Top",
			"from": [9, 8, 6],
			"to": [10, 10, 7],
			"rotation": {"angle": 0, "axis": "y", "origin": [14, 16, 14]},
			"faces": {
				"north": {"uv": [9, 7, 10, 5], "texture": "#lantern"},
				"east": {"uv": [9, 6, 11, 7], "rotation": 90, "texture": "#lantern"},
				"south": {"uv": [9, 7, 10, 5], "texture": "#lantern"},
				"west": {"uv": [9, 6, 11, 7], "rotation": 90, "texture": "#lantern"},
				"up": {"uv": [9, 5, 10, 6], "texture": "#lantern"}
			}
		},
		{
			"name": "Top",
			"from": [6, 8, 6],
			"to": [7, 10, 7],
			"rotation": {"angle": 0, "axis": "y", "origin": [14, 16, 14]},
			"faces": {
				"north": {"uv": [9, 7, 10, 5], "texture": "#lantern"},
				"east": {"uv": [9, 6, 11, 7], "rotation": 90, "texture": "#lantern"},
				"south": {"uv": [9, 7, 10, 5], "texture": "#lantern"},
				"west": {"uv": [9, 6, 11, 7], "rotation": 90, "texture": "#lantern"},
				"up": {"uv": [9, 5, 10, 6], "texture": "#lantern"}
			}
		},
		{
			"name": "Chain (bottom to top)",
			"from": [7.75, 10, 8.5],
			"to": [8.25, 11, 9.5],
			"rotation": {"angle": 45, "axis": "y", "origin": [8, 9.5, 8]},
			"faces": {
				"north": {"uv": [11, 2, 11.98, 2.98], "texture": "#lantern"},
				"east": {"uv": [11, 2, 11.98, 2.98], "texture": "#lantern"},
				"south": {"uv": [11, 2, 11.98, 2.98], "texture": "#lantern"},
				"west": {"uv": [11, 2, 11.98, 2.98], "rotation": 180, "texture": "#lantern"},
				"up": {"uv": [0, 0, 0, 0], "rotation": 270, "texture": "#lantern"},
				"down": {"uv": [0, 0, 0, 0], "rotation": 90, "texture": "#lantern"}
			}
		},
		{
			"name": "Chain (bottom to top)",
			"from": [7.75, 10, 6.5],
			"to": [8.25, 11, 7.5],
			"rotation": {"angle": 45, "axis": "y", "origin": [8, 9.5, 8]},
			"faces": {
				"north": {"uv": [13, 2, 13.98, 2.98], "texture": "#lantern"},
				"east": {"uv": [13, 2, 13.98, 2.98], "texture": "#lantern"},
				"south": {"uv": [13, 2, 13.98, 2.98], "texture": "#lantern"},
				"west": {"uv": [13, 2, 13.98, 2.98], "rotation": 180, "texture": "#lantern"},
				"up": {"uv": [0, 0, 0, 0], "rotation": 270, "texture": "#lantern"},
				"down": {"uv": [0, 0, 0, 0], "rotation": 90, "texture": "#lantern"}
			}
		},
		{
			"name": "Chain (bottom to top)",
			"from": [7.75, 11, 6.5],
			"to": [8.25, 12, 9.5],
			"rotation": {"angle": 45, "axis": "y", "origin": [8, 9.5, 8]},
			"faces": {
				"north": {"uv": [13, 1, 13.98, 1.98], "texture": "#lantern"},
				"east": {"uv": [11, 1, 13.98, 1.98], "texture": "#lantern"},
				"south": {"uv": [11, 1, 11.98, 1.98], "texture": "#lantern"},
				"west": {"uv": [11, 1, 13.98, 2], "rotation": 180, "texture": "#lantern"},
				"up": {"uv": [11, 1, 13.98, 1.98], "rotation": 270, "texture": "#lantern"},
				"down": {"uv": [11, 1, 13.98, 1.98], "rotation": 90, "texture": "#lantern"}
			}
		},
		{
			"name": "Chain (bottom to top)",
			"from": [6.5, 11, 7.75],
			"to": [9.5, 12, 8.25],
			"rotation": {"angle": 45, "axis": "y", "origin": [8, 9.5, 8]},
			"faces": {
				"north": {"uv": [11, 4, 13.98, 4.98], "rotation": 180, "texture": "#lantern"},
				"east": {"uv": [13, 4, 13.98, 4.98], "texture": "#lantern"},
				"south": {"uv": [11, 4, 13.98, 4.98], "texture": "#lantern"},
				"west": {"uv": [11, 4, 11.98, 4.98], "texture": "#lantern"},
				"up": {"uv": [11, 4, 13.98, 4.98], "texture": "#lantern"},
				"down": {"uv": [11, 4, 13.98, 4.98], "texture": "#lantern"}
			}
		},
		{
			"name": "Chain (bottom to top)",
			"from": [8.5, 12, 7.75],
			"to": [9.5, 14, 8.25],
			"rotation": {"angle": 45, "axis": "y", "origin": [8, 9.5, 8]},
			"faces": {
				"north": {"uv": [13, 2, 13.98, 3.98], "rotation": 180, "texture": "#lantern"},
				"east": {"uv": [13, 2, 13.98, 3.98], "texture": "#lantern"},
				"south": {"uv": [13, 2, 13.98, 3.98], "texture": "#lantern"},
				"west": {"uv": [13, 2, 13.98, 3.98], "texture": "#lantern"},
				"up": {"uv": [0, 0, 0, 0], "texture": "#lantern"},
				"down": {"uv": [0, 0, 0, 0], "texture": "#lantern"}
			}
		},
		{
			"name": "Chain (bottom to top)",
			"from": [6.5, 12, 7.75],
			"to": [7.5, 14, 8.25],
			"rotation": {"angle": 45, "axis": "y", "origin": [8, 9.5, 8]},
			"faces": {
				"north": {"uv": [11, 2, 11.98, 3.98], "rotation": 180, "texture": "#lantern"},
				"east": {"uv": [11, 2, 11.98, 3.98], "texture": "#lantern"},
				"south": {"uv": [11, 2, 11.98, 3.98], "texture": "#lantern"},
				"west": {"uv": [11, 2, 11.98, 3.98], "texture": "#lantern"},
				"up": {"uv": [0, 0, 0, 0], "texture": "#lantern"},
				"down": {"uv": [0, 0, 0, 0], "texture": "#lantern"}
			}
		},
		{
			"name": "Chain (bottom to top)",
			"from": [6.5, 14, 7.75],
			"to": [9.5, 15, 8.25],
			"rotation": {"angle": 45, "axis": "y", "origin": [8, 9.5, 8]},
			"faces": {
				"north": {"uv": [11, 1, 13.98, 1.98], "rotation": 180, "texture": "#lantern"},
				"east": {"uv": [13, 1, 13.98, 1.98], "texture": "#lantern"},
				"south": {"uv": [11, 1, 13.98, 1.98], "texture": "#lantern"},
				"west": {"uv": [11, 1, 11.98, 1.98], "texture": "#lantern"},
				"up": {"uv": [11, 1, 13.98, 1.98], "texture": "#lantern"},
				"down": {"uv": [11, 1, 13.98, 1.98], "texture": "#lantern"}
			}
		},
		{
			"name": "Chain (bottom to top)",
			"from": [7.75, 14, 6.5],
			"to": [8.25, 15, 9.5],
			"rotation": {"angle": 45, "axis": "y", "origin": [8, 9.5, 8]},
			"faces": {
				"north": {"uv": [13, 4, 13.98, 4.98], "texture": "#lantern"},
				"east": {"uv": [11, 4, 13.98, 4.98], "texture": "#lantern"},
				"south": {"uv": [11, 4, 11.98, 4.98], "texture": "#lantern"},
				"west": {"uv": [11, 4, 13.98, 4.98], "rotation": 180, "texture": "#lantern"},
				"up": {"uv": [11, 4, 13.98, 4.98], "rotation": 270, "texture": "#lantern"},
				"down": {"uv": [11, 4, 13.98, 4.98], "rotation": 90, "texture": "#lantern"}
			}
		},
		{
			"name": "Chain (bottom to top)",
			"from": [7.75, 15, 8.5],
			"to": [8.25, 16, 9.5],
			"rotation": {"angle": 45, "axis": "y", "origin": [8, 9.5, 8]},
			"faces": {
				"north": {"uv": [11, 3, 11.98, 3.98], "texture": "#lantern"},
				"east": {"uv": [11, 3, 11.98, 3.98], "texture": "#lantern"},
				"south": {"uv": [11, 3, 11.98, 3.98], "texture": "#lantern"},
				"west": {"uv": [11, 3, 11.98, 3.98], "rotation": 180, "texture": "#lantern"},
				"up": {"uv": [0, 0, 0, 0], "rotation": 270, "texture": "#lantern"},
				"down": {"uv": [0, 0, 0, 0], "rotation": 90, "texture": "#lantern"}
			}
		},
		{
			"name": "Chain (bottom to top)",
			"from": [7.75, 15, 6.5],
			"to": [8.25, 16, 7.5],
			"rotation": {"angle": 45, "axis": "y", "origin": [8, 9.5, 8]},
			"faces": {
				"north": {"uv": [13, 3, 13.98, 3.98], "texture": "#lantern"},
				"east": {"uv": [13, 3, 14, 4], "texture": "#lantern"},
				"south": {"uv": [13, 3, 13.98, 3.98], "texture": "#lantern"},
				"west": {"uv": [13, 3, 13.98, 3.98], "rotation": 180, "texture": "#lantern"},
				"up": {"uv": [0, 0, 0, 0], "rotation": 270, "texture": "#lantern"},
				"down": {"uv": [0, 0, 0, 0], "rotation": 90, "texture": "#lantern"}
			}
		}
	],
	"display": {
		"thirdperson_righthand": {
			"rotation": [70, 0, 0],
			"translation": [0, -1.75, -1.25],
			"scale": [0.75, 0.75, 0.75]
		},
		"thirdperson_lefthand": {
			"rotation": [70, 0, 0],
			"translation": [0, -1.75, -1.25],
			"scale": [0.75, 0.75, 0.75]
		},
		"firstperson_righthand": {
			"rotation": [0, -100, 25],
			"translation": [1.13, 3.2, 1.13],
			"scale": [0.68, 0.68, 0.68]
		},
		"firstperson_lefthand": {
			"rotation": [5, -90, 0],
			"translation": [0, 19, 1.5],
			"scale": [0.7, 0.7, 0.7]
		},
		"ground": {
			"translation": [0, 6, 0],
			"scale": [0.75, 0.75, 0.75]
		},
		"gui": {
			"rotation": [30, 225, 0],
			"translation": [0, 3.25, 0],
			"scale": [1.2, 1.2, 1.2]
		},
		"head": {
			"translation": [0, 14, 0]
		},
		"fixed": {
			"rotation": [0, 180, 0],
			"translation": [0, 3.75, 0],
			"scale": [1.5, 1.5, 1.5]
		}
	},
	"groups": [
		{
			"name": "Lantern",
			"origin": [8, 7, 8],
			"color": 0,
			"nbt": "{}",
			"children": [
				0,
				1,
				2,
				3,
				4,
				5,
				6,
				7,
				8,
				9,
				10,
				11,
				12,
				13,
				14,
				15,
				16,
				17,
				18,
				19,
				20,
				21,
				{
					"name": "chain",
					"origin": [8, 9.5, 8],
					"color": 0,
					"nbt": "{}",
					"children": [22, 23, 24, 25, 26, 27, 28, 29, 30, 31]
				}
			]
		}
	]
}