{
	"textures": {
		"4": "create:item/extendo_grip"
	},
	"elements": [
		{
			"name": "wide_long",
			"from": [6, -1, -1],
			"to": [10, 12, 1],
			"rotation": {"angle": 0, "axis": "x", "origin": [10, 4.5, -4.5]},
			"faces": {
				"north": {"uv": [0, 0, 4, 13], "texture": "#4"},
				"east": {"uv": [3, 0, 5, 13], "rotation": 180, "texture": "#4"},
				"south": {"uv": [0, 0, 4, 13], "texture": "#4"},
				"west": {"uv": [4, 0, 6, 13], "rotation": 180, "texture": "#4"},
				"up": {"uv": [0, 13, 4, 15], "rotation": 180, "texture": "#4"},
				"down": {"uv": [0, 13, 4, 15], "texture": "#4"}
			}
		}
	]
}